ala_DASH_L_c,L-Alanine,ala_DASH_L_c,L-Alanine,
arg_DASH_L_c,L-Arginine,arg_DASH_L_c,L-Arginine,
asp_DASH_L_c,L-Aspartate,asp_DASH_L_c,L-Aspartate,
cys_DASH_L_c,L-Cysteine,cys_DASH_L_c,L-Cysteine,
glu_DASH_L_c,L-Glutamate,glu_DASH_L_c,L-Glutamate,
gly_c,Glycine,gly_c,Glycine,
his_DASH_L_c,L-Histidine,his_DASH_L_c,L-Histidine,
ile_DASH_L_c,L-Isoleucine,ile_DASH_L_c,L-Isoleucine,
leu_DASH_L_c,L-Leucine,leu_DASH_L_c,L-Leucine,
lys_DASH_L_c,L-Lysine,lys_DASH_L_c,L-Lysine,
met_DASH_L_c,L-Methionine,met_DASH_L_c,L-Methionine,
phe_DASH_L_c,L-Phenylalanine,phe_DASH_L_c,L-Phenylalanine,
pro_DASH_L_c,L-Proline,pro_DASH_L_c,L-Proline,
ser_DASH_L_c,L-Serine,ser_DASH_L_c,L-Serine,
thr_DASH_L_c,L-Threonine,thr_DASH_L_c,L-Threonine,
trp_DASH_L_c,L-Tryptophan,trp_DASH_L_c,L-Tryptophan,
tyr_DASH_L_c,L-Tyrosine,tyr_DASH_L_c,L-Tyrosine,
val_DASH_L_c,L-Valine,val_DASH_L_c,L-Valine,
glc_DASH_A_c,alpha-D-glucose,glc_DASH_A_c,alpha-D-glucose,
sucr_c,Sucrose,sucr_c,Sucrose,
fru_DASH_B_c,beta-D-fructose,fru_DASH_B_c,beta-D-fructose,
cellulose_c,Cellulose,udparab_c,UDP-L-arabinose,
udparab_c,UDP-L-arabinose,udpxyl_c,UDP-D-xylose,
udpxyl_c,UDP-D-xylose,udpgal_c,UDP-galactose,
udpgal_c,UDP-galactose,udpg_c,UDP-glucose,
udpg_c,UDP-glucose,udpglcur_c,UDP-D-glucuronate,
udpglcur_c,UDP-D-glucuronate,co2_c,CO2,
datp_c,dATP,h2o_c,H2O,
dctp_c,dCTP,o2_c,O2,
dttp_c,dTTP,gal_c,D-Galactose,
dgtp_c,dGTP,g1p_c,D-Glucose 1-phosphate,
utp_c,UTP,tre_c,Trehalose,
ctp_c,CTP,glc_DASH_B_c,beta-D-glucose,
gtp_c,GTP,tre6p_c,"alpha,alpha'-Trehalose 6-phosphate",
atp_c,ATP,g6p_DASH_A_c,alpha-D-glucose 6 phosphate,
adp_c,ADP,b_DASH_glucan_c,"1,3-beta-D-Glucan",
pi_c,Phosphate,mnt_c,Manninotriose,
udp_c,UDP,melib_c,Melibiose,
h_c,H+,stc_c,Stachyose,
coumoh_c,4-Coumaryl alcohol,raffin_c,Raffinose,
conoh_c,Coniferyl alcohol,1Dgali_c,1-alpha-D-Galactosyl-myo-inositol,
sinoh_c,Sinapoyl alcohol,inost_c,myo-Inositol,
pmtcoa_c,Palmitoyl-CoA (n-C16:0CoA),cit_c,Citrate,
hdcoa_c,Hexadecenoyl-CoA (n-C16:1CoA),oxa_c,Oxalate,
odecoa_c,Octadecenoyl-CoA (n-C18:1CoA),gal_c,D-Galactose,
ocdycacoa_c,Octadecadienoyl-CoA (n-C18:2CoA),g1p_c,D-Glucose 1-phosphate,
lnlncoa_c,Linolenoyl-CoA (n-C18:3CoA),tre_c,Trehalose,
acylcoa_os_c,Acyl-CoA (oryza sativa specific),glc_DASH_B_c,beta-D-glucose,
fa_os_c,"fatty acid, lumped (oryza sativa specific)",tre6p_c,"alpha,alpha'-Trehalose 6-phosphate",
hdca_c,Hexadecanoate (n-C16:0),g6p_DASH_A_c,alpha-D-glucose 6 phosphate,
hdcea_c,Hexadecenoate (16:1(9Z)),b_DASH_glucan_c,"1,3-beta-D-Glucan",
ocdcea_c,octadecenoate (n-C18:1),mnt_c,Manninotriose,
ocdcya_c,Octadecadienoate (n-C18:2),melib_c,Melibiose,
lnlnl_c,Linolenate (n-C18:3),stc_c,Stachyose,
co2_c,CO2,raffin_c,Raffinose,
h2o_c,H2O,1Dgali_c,1-alpha-D-Galactosyl-myo-inositol,
no3_c,Nitrate,inost_c,myo-Inositol,
o2_c,O2,pep_c,Phosphoenolpyruvate,
so4_c,Sulfate,pyr_c,Pyruvate,
hso3_c,HSO3-,mal_DASH_L_c,L-Malate,
hco3_c,Bicarbonate,accoa_c,Acetyl-CoA,
h2s_c,Hydrogen sulfide,glu5p_c,L-Glutamate 5-phosphate,
nh4_c,Ammonium,akg_c,2-Oxoglutarate,
asn_DASH_L_c,L-Asparagine,succ_c,Succinate,
gln_DASH_L_c,L-Glutamine,icit_c,Isocitrate,
etoh_c,Ethanol,acon_DASH_C_c,cis-aconitate,
ac_c,Acetate,cit_c,Citrate,
lac_DASH_L_c,L-Lactate,akg_c,2-Oxoglutarate,
tsul_c,Thiosulfate,2pg_c,D-Glycerate 2-phosphate,
fe2_c,Fe2+,3pg_c,3-Phospho-D-glycerate,
fe3_c,Fe3+,glyclt_c,Glycolate,
mg2_c,Magnesium,g3p_c,D-glyceraldehyde 3-phosphate,
ppi_c,Diphosphate,dhap_c,Dihydroxyacetone phosphate,
no2_c,Nitrite,,,
gthox_c,Oxidized glutathione,,,
nadph_c,Nicotinamide adenine dinucleotide phosphate - reduced,,,
gthrd_c,Reduced glutathione,,,
nadp_c,Nicotinamide adenine dinucleotide phosphate,,,
amp_c,AMP,,,
gal1p_c,alpha-D-Galactose 1-phosphate,,,
dpcoa_c,Dephospho-CoA,,,
coa_c,Coenzyme A,,,
uri_c,Uridine,,,
ump_c,UMP,,,
gdp_c,GDP,,,
56dura_c,"5,6-dihydrouracil",,,
ura_c,Uracil,,,
cala_c,N-Carbamoyl-beta-alanine,,,
ala_DASH_B_c,beta-Alanine,,,
dump_c,dUMP,,,
mlthf_c,"5,10-Methylenetetrahydrofolate",,,
dhf_c,"7,8-Dihydrofolate",,,
dtmp_c,dTMP,,,
cytd_c,Cytidine,,,
cmp_c,CMP,,,
dutp_c,dUTP,,,
fadh2_c,Flavin adenine dinucleotide reduced,,,
fad_c,Flavin adenine dinucleotide oxidized,,,
dcyt_c,Deoxycytidine,,,
duri_c,Deoxyuridine,,,
prpp_c,5-Phospho-alpha-D-ribose 1-diphosphate,,,
r1p_c,alpha-D-Ribose 1-phosphate,,,
thymd_c,Thymidine,,,
dgmp_c,dGMP,,,
dgsn_c,Deoxyguanosine,,,
dcmp_c,dCMP,,,
trdrd_c,Reduced thioredoxin,,,
cdp_c,CDP,,,
dcdp_c,dCDP,,,
trdox_c,Oxidized thioredoxin,,,
dudp_c,dUDP,,,
dtdp_c,dTDP,,,
amet_c,S-Adenosyl-L-methionine,,,
imp_c,IMP,,,
adn_c,Adenosine,,,
ade_c,Adenine,,,
ahcys_c,S-Adenosyl-L-homocysteine,,,
hcys_DASH_L_c,L-Homocysteine,,,
pep_c,Phosphoenolpyruvate,,,
pyr_c,Pyruvate,,,
mal_DASH_L_c,L-Malate,,,
accoa_c,Acetyl-CoA,,,
glu5p_c,L-Glutamate 5-phosphate,,,
akg_c,2-Oxoglutarate,,,
acglu_c,N-Acetyl-L-glutamate,,,
4abut_c,4-Aminobutanoate,,,
icit_c,Isocitrate,,,
h2o2_c,Hydrogen peroxide,,,
nad_c,Nicotinamide adenine dinucleotide,,,
nadh_c,Nicotinamide adenine dinucleotide - reduced,,,
gal_c,D-Galactose,,,
g1p_c,D-Glucose 1-phosphate,,,
tre_c,Trehalose,,,
glc_DASH_B_c,beta-D-glucose,,,
tre6p_c,"alpha,alpha'-Trehalose 6-phosphate",,,
g6p_DASH_A_c,alpha-D-glucose 6 phosphate,,,
b_DASH_glucan_c,"1,3-beta-D-Glucan",,,
mnt_c,Manninotriose,,,
melib_c,Melibiose,,,
stc_c,Stachyose,,,
raffin_c,Raffinose,,,
1Dgali_c,1-alpha-D-Galactosyl-myo-inositol,,,
inost_c,myo-Inositol,,,
dadp_c,dADP,,,
dgdp_c,dGDP,,,
oaa_c,Oxaloacetate,,,
cit_c,Citrate,,,
oxa_c,Oxalate,,,
nicrnt_c,Nicotinate D-ribonucleotide,,,
dnad_c,Deamino-NAD+,,,
nac_c,Nicotinate,,,
ncam_c,Nicotinamide,,,
nmn_c,NMN,,,
r5p_c,alpha-D-Ribose 5-phosphate,,,
ahdt_c,"2-Amino-4-hydroxy-6-(erythro-1,2,3-trihydroxypropyl)dihydropteridinetriphosphate",,,
for_c,Formate,,,
L2aadp_c,L-2-Aminoadipate,,,
L2aadp6sa_c,L-2-Aminoadipate 6-semialdehyde,,,
saccrp_DASH_L_c,L-Saccharopine,,,
2oxoadp_c,2-Oxoadipate,,,
aps_c,Adenosine 5'-phosphosulfate,,,
orn_c,L-Ornithine,,,
urea_c,Urea,,,
ptrc_c,Putrescine,,,
4abutn_c,4-Aminobutanal,,,
13dampp_c,"1,3-Diaminopropane",,,
bamppald_c,beta-Aminopropion aldehyde,,,
spmd_c,Spermidine,,,
gabut_c,4-Guanidinobutanamide,,,
gabutn_c,4-Guanidinobutanoate,,,
cbmp_c,N-Carbamoylputrescine,,,
agm_c,Agmatine,,,
no_c,Nitric oxide,,,
citr_DASH_L_c,L-Citrulline,,,
cbp_c,Carbamoyl phosphate,,,
acser_c,O-Acetyl-L-serine,,,
mmet_c,S-Methyl-L-methionine,,,
5mthglu_c,5-Methyltetrahydropteroyltri-L-glutamate,,,
thglu_c,Tetrahydropteroyl-tri-L-glutamate,,,
12dmpo_c,"1,2-Dihydroxy-5-(methylthio)pent-1-en-3-one",,,
2kmb_c,2-Keto-4-methylthiobutyric acid,,,
2obut_c,2-Oxobutanoate,,,
ch4s_c,Methanethiol,,,
achms_c,O-Acetyl-L-homoserine,,,
5mtr_c,5-Methylthio-D-ribose,,,
5mdr1p_c,5-Methylthio-5-deoxy-D-ribose 1-phosphate,,,
5mta_c,5-Methylthioadenosine,,,
sprm_c,Spermine,,,
ametam_c,S-Adenosylmethioninamine,,,
1acpc_c,1-Aminocyclopropane-1-carboxylate,,,
ascb_DASH_L_c,L-Ascorbate,,,
dhdascb_c,Dehydroascorbate,,,
cyan_c,Hydrogen cyanide,,,
ethylene_c,Ethylene,,,
5mdru1p_c,5-Methylthio-5-deoxy-D-ribulose 1-phosphate,,,
dkmpp_c,"2,3-diketo-5-methylthio-1-phosphopentane",,,
2pg_c,D-Glycerate 2-phosphate,,,
glu5sa_c,L-Glutamate 5-semialdehyde,,,
ind3acetaldoxime_c,Indole-3-acetaldehyde oxime,,,
id3acald_c,Indole-3-acetaldehyde,,,
ind3ac_c,Indole-3-acetate,,,
tryptamine_c,Tryptamine,,g3p_c,D-glyceraldehyde 3-phosphate
indpyr_c,Indolepyruvate,,,
ind3acnl_c,3-Indoleacetonitrile,,,
srntn_c,Serotonin,,,
iad_c,Indole-3-acetamide,,,
ind3acg_c,Indole-3-acetyl-beta-1-D-glucoside,,,
iaainost_c,indole-3-acetyl-myo-inositol,,,
iaainostgal_c,5-O-(Indol-3-ylacetyl-myo-inositol) D-galactoside,,,
iaainostarab_c,Indol-3-ylacetyl-myo-inositol L-arabinoside,,,
iaa_DASH_ala_c,indole-3-acetyl-alanine,,,
iaa_DASH_leu_c,indole-3-acetyl-leucine,,,
iaa_DASH_asp_c,indole-3-acetyl-aspartate,,,
iaa_DASH_glu_c,indole-3-acetyl-glutamate,,,
iaa_DASH_gln_c,indole-3-acetyl-glutamine,,,
pphn_c,Prephenate,,,
phpyr_c,Phenylpyruvate,,,
malcoa_c,Malonyl-CoA,,,
acald_c,Acetaldehyde,,,
glyc_c,Glycerol,,,
glyald_c,D-Glyceraldehyde,,,
tyramine_c,Tyramine,,,
34hpp_c,4-Hydroxyphenylpyruvate,,,
hgentis_c,Homogentisate,,,
4mlacac_c,4-Maleylacetoacetate,,,
4fumacac_c,4-Fumarylacetoacetate,,,
acac_c,Acetoacetate,,,
fum_c,Fumarate,,,
chol_c,Choline,,,
betald_c,Betaine aldehyde,,,
glybet_c,Glycine betaine,,,
man6p_c,D-Mannose 6-phosphate,,,
f6p_DASH_B_c,beta-D-Fructose 6-phosphate,,,
man1p_c,D-mannose 1-phosphate,,,
man_c,D-Mannose,,,
mhdascb_c,Monodehydroascorbate,,,
gluala_c,5-L-Glutamyl-L-alanine,,,
cgly_c,cgly[c],,,
5oxpro_c,5-oxo-L-proline,,,
gallac_c,"L-Galactono-1,4-lactone",,,
gal_DASH_L_c,L-Galactose,,,
gdpgal_c,GDP-L-galactose,,,
gdpmann_c,GDP-D-mannose,,,
gdpgul_c,GDP-L-gulose,,,
gdpddman_c,GDP-4-dehydro-6-deoxy-D-mannose,,,
gdpfuc_c,GDP-L-fucose,,,
fuc1p_c,L-Fucose 1-phosphate,,,
lald_c,L-Lactaldehyde,,,
fc1p_c,L-Fuculose 1-phosphate,,,
dhap_c,Dihydroxyacetone phosphate,,,
fcl_DASH_L_c,L-fuculose,,,
fuc_DASH_L_c,L-Fucose,,,
fdp_DASH_B_c,"beta-D-Fructose 1,6-bisphosphate",,,
suc6p_c,sucrose-6-phosphate,,,
g6p_DASH_B_c,beta-D-glucose 6-phosphate,,,
mi3p_DASH_D_c,1D-myo-Inositol 3-phosphate,,,
uacgam_c,UDP-N-acetyl-D-glucosamine,,,
uacmam_c,UDP-N-acetyl-D-mannosamine,,,
acgam1p_c,N-Acetyl-D-glucosamine 1-phosphate,,,
acgam6p_c,N-Acetyl-D-glucosamine 6-phosphate,,,
gam6p_c,D-Glucosamine 6-phosphate,,,
gam_c,D-Glucosamine,,,
acgam_c,N-Acetyl-D-glucosamine,,,
chitb_c,Chitobiose,,,
chitin_c,Chitin,,,
acmana_c,N-Acetyl-D-mannosamine,,,
acnam_c,N-Acetylneuraminate,,,
cmpacna_c,CMP-N-acetylneuraminate,,,
msa_c,Malonate semialdehyde,,,
thf_c,"5,6,7,8-Tetrahydrofolate",,,
10fthf_c,10-Formyltetrahydrofolate,,,
10fthglu_c,10-Formyltetrahydrofolate glutamate,,,
cala_DASH_L_c,L-beta-Cyanoalanine,,,
benzald_c,Benzaldehyde,,,
manit_c,Mandelonitrile,,,
prunasin_c,(R)-Prunasin,,,
amygd_c,(R)-Amygdalin,,,
frmd_c,Formamide,,,
5mthf_c,5-Methyltetrahydrofolate,,,
fdxrd_c,Reduced ferredoxin,,,
fdxox_c,Oxidized ferredoxin,,,
g3p_c,D-glyceraldehyde 3-phosphate,,,
rib_DASH_D_c,D-Ribose,,,
ribflv_c,Riboflavin,,,
fmn_c,FMN,,,
ru5p_DASH_D_c,D-Ribulose 5-phosphate,,,
3pg_c,3-Phospho-D-glycerate,,,
13dpg_c,3-Phospho-D-glyceroyl phosphate,,,
f1p_c,D-Fructose 1-phosphate,,,
fald_c,Formaldehyde,,,
xu5p_DASH_D_c,D-Xylulose 5-phosphate,,,
dha_c,Dihydroxyacetone,,,
dcamp_c,"N6-(1,2-Dicarboxyethyl)-AMP",,,
argsuc_c,N(omega)-(L-Arginino)succinate,,,
gsn_c,Guanosine,,,
gua_c,Guanine,,,
ins_c,Inosine,,,
hxan_c,Hypoxanthine,,,
gmp_c,GMP,,,
xmp_c,Xanthosine 5'-phosphate,,,
damp_c,dAMP,,,
glcur_c,D-Glucuronate,,,
pail45p_c,"1-Phosphatidyl-D-myo-inositol 4,5-bisphosphate",,,
12dgr_os_c,"1,2-Diacyl-sn-glycerol (oryza sativa specific)",,,
mi145p_c,"1D-myo-Inositol 1,4,5-trisphosphate",,,
pail5p_c,1-Phosphatidyl-1D-myo-inositol 5-phosphate,,,
pail4p_c,1-Phosphatidyl-1D-myo-inositol 4-phosphate,,,
ptd1ino_os_c,1-Phosphatidyl-D-myo-inositol (oryza sativa specific),,,
pail3p_c,1-Phosphatidyl-1D-myo-inositol 3-phosphate,,,
pail35p_c,"1-Phosphatidyl-1D-myo-inositol 3,5-bisphosphate",,,
mi34p_c,"1D-myo-Inositol 3,4-bisphosphate",,,
mi346p_c,"D-myo-inositol (3,4,6)-trisphosphate",,,
mi3456p_c,"1D-myo-Inositol 3,4,5,6-tetrakisphosphate",,,
mi14p_c,"1D-myo-Inositol 1,4-bisphosphate",,,
mi4p_DASH_D_c,1D-myo-Inositol 4-phosphate,,,
mi134p_c,"1D-myo-Inositol 1,3,4-trisphosphate",,,
mi13456p_c,"1D-myo-Inositol 1,3,4,5,6-pentakisphosphate",,,
mi1345p_c,"1D-myo-Inositol 1,3,4,5-tetrakisphosphate",,,
mi1346p_c,"1D-myo-Inositol 1,3,4,6-tetrakisphosphate",,,
mi12346p_c,"1D-myo-Inositol 1,2,3,4,6-pentakisphosphate",,,
minohp_c,myo-Inositol hexakisphosphate,,,
mi12356p_c,"1D-myo-Inositol 1,2,3,5,6-pentakisphosphate",,,
mi12345p_c,"1D-myo-Inositol 1,2,3,4,5-pentakisphosphate",,,
aacoa_c,Acetoacetyl-CoA,,,
hmgcoa_c,Hydroxymethylglutaryl-CoA,,,
methf_c,"5,10-Methenyltetrahydrofolate",,,
5fthf_c,5-Formyltetrahydrofolate,,,
dad_DASH_2_c,Deoxyadenosine,,,
din_c,Deoxyinosine,,,
2dr1p_c,2-Deoxy-D-ribose 1-phosphate,,,
pppgpp_c,"Guanosine 5'-triphosphate,3'-diphosphate",,,
ppgpp_c,"Guanosine 3',5'-bis(diphosphate)",,,
1pyr5c_c,1-Pyrroline-5-carboxylate,,,
gcald_c,Glycolaldehyde,,,
glyclt_c,Glycolate,,,
glcur1p_c,D-Glucuronate 1-phosphate,,,
xylan_c,"1,4-beta-D-Xylan",,,
xyl_DASH_D_c,D-Xylose,,,
udpgalur_c,UDP-D-galacturonate,,,
udpddg_c,UDP-4-dehydro-6-deoxy-D-glucose,,,
pect_c,Pectate,,,
udpkrmn_c,UDP-4-keto-rhamnose,,,
udprmn_c,UDP-L-rhamnose,,,
cbasp_c,N-Carbamoyl-L-aspartate,,,
arab_DASH_L_c,L-Arabinose,,,
B_DASH_ara1p_c,beta-L-Arabinose 1-phosphate,,,
glcn_c,D-Gluconate,,,
6pgc_c,6-Phospho-D-gluconate,,,
xylu_DASH_D_c,D-Xylulose,,,
3hpp_c,3-Hydroxypropanoate,,,
xan_c,Xanthine,,,
alltt_c,Allantoate,,,
urdglyc_c,(-)-Ureidoglycolate,,,
alltn_c,Allantoin,,,
5houdic_c,"5-Hydroxy-2-oxo-4-ureido-2,5-dihydro-1H-imidazole-5-carboxylate",,,
5hiu_c,5-Hydroxyisourate,,,
urate_c,Urate,,,
acon_DASH_C_c,cis-aconitate,,,
6pgl_c,"6-phospho-D-glucono-1,5-lactone",,,
xtsn_c,Xanthosine,,,
acorn_c,N2-Acetyl-L-ornithine,,,
pant_DASH_R_c,(R)-Pantoate,,,
pnto_DASH_R_c,(R)-Pantothenate,,,
acg5p_c,N-Acetyl-L-glutamyl 5-phosphate,,,
cellb_c,Cellobiose,,,
4ppan_c,D-4'-Phosphopantothenate,,,
pan4p_c,Pantetheine 4'-phosphate,,,
3hpcoa_c,3-Hydroxypropionyl-CoA,,,
4ppcys_c,N-((R)-4-Phosphopantothenoyl)-L-cysteine,,,
acg5sa_c,N-Acetyl-L-glutamate 5-semialdehyde,,,
pyam5p_c,Pyridoxamine phosphate,,,
pydx5p_c,Pyridoxal phosphate,,,
pdx5p_c,Pyridoxine phosphate,,,
pydxn_c,Pyridoxine,,,
pydx_c,Pyridoxal,,,
pydam_c,Pyridoxamine,,,
dhnpt_c,Dihydroneopterin,,,
2ahhmp_c,"2-Amino-4-hydroxy-6-hydroxymethyl-7,8-dihydropteridine",,,
thm_c,Thiamin (Vitamin B1),,,
thmpp_c,Thiamine diphosphate,,,
dhpmp_c,Dihydroneopterin phosphate,,,
paps_c,3'-Phosphoadenylyl sulfate,,,
pacald_c,Phenylacetaldehyde,,,
2phetoh_c,Phenylethyl alcohol,,,
dhor_DASH_S_c,(S)-Dihydroorotate,,,
orot_c,Orotate,,,
t_DASH_cinn_c,trans-Cinnamate,,,
coum_c,4-Coumarate,,,
coumcoa_c,4-Coumaroyl-CoA,,,
coumald_c,p-Coumaraldehyde,,,
caffcoa_c,Caffeoyl-CoA,,,
fercoa_c,Feruloyl-CoA,,,
caffqnt_c,Caffeoyl quinate,,,
qnt_c,Quinate,,,
conald_c,Coniferyl aldehyde,,,
2_DASH_coum_c,2-Coumarate,,,
skm_c,Shikimate,,,
coumskm_c,4-Coumaroylshikimate,,,
sinald_c,Sinapoyl aldehyde,,,
coumqnt_c,p-Coumaroyl quinate,,,
hconald_c,5-Hydroxyconiferaldehyde,,,
caffskm_c,5-O-Caffeoylshikimate,,,
cinncoa_c,Cinnamoyl-CoA,,,
cinnald_c,Cinnamaldehyde,,,
cinnoh_c,Cinnamyl alcohol,,,
fer_c,Ferulate,,,
coumghcinn_c,trans-beta-D-Glucosyl-2-hydroxycinnamate,,,
coumntg_c,coumarinate glucoside,,,
coumnt_c,coumarinate,,,
coumn_c,coumarin,,,
succ_c,Succinate,,,
dhcinncoa_c,"2,4-dihydroxycinnamoyl-CoA",,,
umblf_c,umbelliferone,,,
dmpp_c,Dimethylallyl diphosphate,,,
dmsbs_c,demethylsuberosin,,,
marm_c,marmesin,,,
psor_c,psoralen,,,
act_c,acetone,,,
bgptl_c,bergaptol,,,
bgptn_c,bergapten,,,
pincem_c,Pinocembrin,,,
pinban_c,Pinobanksin,,,
pinchal_c,Pinocembrin chalcone,,,
nrgn_c,Naringenin,,,
dhk_c,Dihydrokaempferol,,,
isoqtgn_c,Isoliquiritigenin,,,
nrgchal_c,Naringenin-chalcone,,,
apgn_c,Apigenin,,,
ltln_c,Luteolin,,,
erdtl_c,Eriodictyol,,,
2herdtl_c,2-hydroxyeriodictyol,,,
erdtlt_c,eriodictyol dibenzoylmethane tautomer,,,
2herdtl6g_c,2-hydroxyeriodictyol 6-C-glucoside,,,
iorntn_c,Isoorientin,,,
2herdtl8g_c,2-hydroxyeriodictyol 8-C-glucoside,,,
orntn_c,Orientin,,,
2hnrgn_c,2-hydroxynaringenin,,,
nrgnt_c,naringenin dibenzoylmethane tautomer,,,
2hnrgn6g_c,2-hydroxynaringenin 6-C-glucoside,,,
ivtxn_c,Isovitexin,,,
2hnrgn8g_c,2-hydroxynaringenin 8-C-glucoside,,,
vtxn_c,Vitexin,,,
ivtxn2g_c,Isovitexin 2-O-beta-D-glucoside,,,
iscprn_c,Isoscoparine,,,
iscprn2g_c,Isoscoparin-2-O-glucoside,,,
iorntn2g_c,Isoorientin-2-O-glucoside,,,
tricin_c,Tricin,,,
tricing_c,Tricin-O-glucoside,,,
trctn_c,Tricetin,,,
mtrctn_c,3-O-Methyltricetin,,,
lqtgn_c,Liquiritigenin,,,
butin_c,Butin,,,
kmpfl_c,Kaempferol,,,
dhqrctn_c,Dihydroquercetin,,,
qrctn_c,Quercetin,,,
qrctn3g_c,Quercetin 3-O-glucoside,,,
kmpfl3g_c,Kaempferol 3-O-glucoside,,,
lplg_c,"cis-3,4-Leucopelargonidin",,,
lcyc_c,Leucocyanidin,,,
afzl_c,Afzelechin,,,
catcn_c,D-Catechin,,,
plgn_c,Pelargonidin,,,
plgng_c,Pelargonidin 3-O-glucoside,,,
epflzn_c,Epiafzelechin,,,
cndn_c,Cyanidin,,,
epctcn_c,Epicatechin,,,
cndng_c,cyanidin-3-O-glucoside,,,
cndn5g_c,Cyanidin 5-O-glucoside,,,
cndn35dg_c,"cyanidin-3,5-diglucoside",,,
mev_DASH_R_c,(R)-Mevalonate,,,
5pmev_c,(R)-5-Phosphomevalonate,,,
5dpmev_c,(R)-5-Diphosphomevalonate,,,
ipdp_c,Isopentenyl diphosphate,,,
grdp_c,Geranyl diphosphate,,,
frdp_c,"trans,trans-Farnesyl diphosphate",,,
psqldp_c,Presqualene diphosphate,,,
sql_c,Squalene,,,
Ssq23epx_c,"(S)-Squalene-2,3-epoxide",,,
stem_c,Stemar-13-ene,,,
stemol_c,Stemar-13-enol,,,
ozln_DASH_S_c,oryzalexin S,,,
esand_c,"ent-Sandaracopimara-8(14),15-diene",,,
esandol_c,ent-sandaracopimaradiene-3alpha-ol,,,
ozln_DASH_D_c,oryzalexin D,,,
ozln_DASH_E_c,oryzalexin E,,,
ozln_DASH_F_c,oryzalexin F,,,
ozln_DASH_A_c,oryzalexin A,,,
ozln_DASH_B_c,oryzalexin B,,,
ozln_DASH_C_c,oryzalexin C,,,
eikaur_c,ent-Isokaurene,,,
eihkaur_c,ent-2alpha-Hydroxyisokaurene,,,
ecasd_c,"ent-Cassa-12,15-diene",,,
ecasdol_c,"ent-cassa-12,15-diene-3alpha-ol",,,
ecasdal_c,"ent-cassa-12,15-diene-3alpha-al",,,
ecasdate_c,"ent-cassa-12,15-diene-3alpha-ol-11-keto",,,
phtc_DASH_C_c,phytocassane C,,,
phtc_DASH_E_c,phytocassane E,,,
phtc_DASH_B_c,phytocassane B,,,
ecasd2ate_c,"ent-cassa-12,15-diene-2,3alpha-ol-11-keto",,,
phtc_DASH_D_c,phytocassane D,,,
phtc_DASH_A_c,phytocassane A,,,
ekaur_c,ent-Kaurene,,,
ekaurol_c,ent-Kaur-16-en-19-ol,,,
ekaural_c,ent-Kaurenal,,,
ekaurate_c,ent-Kaur-16-en-19-oate,,,
ehkaurate_c,ent-7alpha-Hydroxykaur-16-en-19-oate,,,
ga12_DASH_ald_c,Gibberellin A12 aldehyde,,,
ga12_c,Gibberellin A12,,,
ga53_c,Gibberellin A53,,,
ga15_c,Gibberellin A15 open lactone,,,
ga24_c,Gibberellin A24,,,
ga9_c,Gibberellin A9,,,
ga4_c,Gibberellin A4,,,
ga34_c,Gibberellin A34,,,
ga51_c,Gibberellin A51,,,
ga51cat_c,Gibberellin A51-catabolite,,,
ga25_c,Gibberellin A25,,,
ga36_c,Gibberellin A36,,,
ga13_c,Gibberellin A13,,,
ga14_c,Gibberellin A14,,,
ga37_c,Gibberellin A37 open lactone,,,
ga44_c,Gibberellin A44 open lactone,,,
ga19_c,Gibberellin A19,,,
ga20_c,Gibberellin A20,,,
ga17_c,gibberellin A17,,,
ga29_c,Gibberellin A29,,,
ga29cat_c,gibberellin A29-catabolite,,,
ga1_c,Gibberellin A1,,,
ga8_c,Gibberellin A8,,,
ga8cat_c,Gibberellin A8-catabolite,,,
campst43l_c,Campest-4-en-3beta-ol,,,
campst43e_c,Campest-4-en-3-one,,,
dxcstn_c,6-Deoxocathasterone,,,
dxstn_c,6-Deoxoteasterone,,,
dhdxstn_c,3-Dehydro-6-deoxoteasterone,,,
dxtst_c,6-Deoxotyphasterol,,,
tpst_c,Typhasterol,,,
tstn_c,Teasterone,,,
dhtstn_c,3-Dehydroteasterone,,,
cstn_c,Castasterone,,,
brsnl_c,Brassinolide,,,
campst_c,Campesterol,,,
22hcampst_c,(22S)-22-Hydroxy-campesterol,,,
5camp3e_c,5alpha-Campestan-3-one,,,
22h5camp3e_c,"(22S,24R)-22-Hydroxy-5alpha-ergostan-3-one",,,
22h5camp43e_c,"(22S,24R)-22-Hydroxy-ergost-4 en-3-one",,,
campstl_c,Campestanol,,,
obfool_c,Obtusifoliol,,,
mergtrol_c,"4alpha-Methyl-5alpha-ergosta-8,14,24(28)-trien-3beta-ol",,,
mchsterol_c,24-Methylenecholesterol,,,
sitst_c,Sitosterol,,,
stist_c,Stigmasterol,,,
dhavest_c,5-Dehydroavenasterol,,,
isfst_c,Isofucosterol,,,
dhepist_c,5-Dehydroepisterol,,,
mfecostrl_c,4alpha-Methylfecosterol,,,
avest_c,7-Dehydroavenasterol,,,
epist_c,Episterol,,,
menecyart_c,24-Methylenecycloartanol,,,
cyeuol_c,Cycloeucalenol,,,
edenelo_c,24-Ethylidenelophenol,,,
metphnl_c,24-Methylenelophenol,,,
cyart_c,Cycloartenol,,,
t_DASH_ztn_c,trans-Zeatin,,,
ipadne_c,N6-Dimethylallyladenine,,,
34hb_c,3-methyl-4-trans-hydroxy-2-butenal,,,
ipadn_c,Isopentenyl adenosine,,,
33dma_c,"3,3-Dimethyl-acrylaldehyde",,,
trna_c,tRNA,,,
ptrna_c,prenyl-tRNA,,,
ctrna_c,cis-Prenyl-tRNA,,,
c_DASH_ztnrp_c,cis-Zeatin riboside monophosphate,,,
c_DASH_ztnr_c,cis-Zeatin riboside,,,
c_DASH_ztn_c,cis-Zeatin,,,
c_DASH_ztn7g_c,cis-zeatin-7-N-glucoside,,,
t_DASH_ztn7g_c,trans-zeatin-7-N-glucoside,,,
dhz_c,Dihydrozeatin,,,
dhz7g_c,dihydrozeatin-7-N-glucoside,,,
ipadne7g_c,isopentenyladenine-7-N-glucoside,,,
c_DASH_ztn9g_c,cis-zeatin-9-N-glucoside,,,
t_DASH_ztn9g_c,trans-zeatin-9-N-glucoside,,,
dhz9g_c,dihydrozeatin-9-N-glucoside,,,
ipadne9g_c,isopentenyladenine-9-N-glucoside,,,
t_DASH_ztng_c,trans-zeatin-O-glucoside,,,
c_DASH_ztng_c,cis-Zeatin-O-glucoside,,,
dhzg_c,Dihydrozeatin-O-glucoside,,,
4mzym_int1_c,"4alpha-carboxy-4beta-methyl-5alpha-cholesta-8,24-dien-3beta-ol",,,
4mzym_int2_c,"4alpha-methyl-5alpha-cholesta-8,24-dien-3-one",,,
zym_int1_c,"4alpha-carboxy-5alpha-cholesta-8,24-dien-3beta-ol",,,
zym_int2_c,"5alpha-cholesta-8,24-dien-3-one",,,
zymst_c,Zymosterol,,,
4mzym_c,4alpha-Methylzymosterol,,,
lanost_c,Lanosterol,,,
44mctr_c,"4,4-Dimethyl-5alpha-cholesta-8,14,24-trien-3beta-ol",,,
44mzym_c,"4,4-dimethyl-5alpha-cholesta-8,24-dien-3beta-ol",,,
lthstrl_c,Lathosterol,,,
7dhchsterol_c,"Cholesta-5,7-dien-3beta-ol",,,
chsterol_c,Cholesterol,,,
chlstol_c,"5alpha-Cholesta-7,24-dien-3beta-ol",,,
chlestol_c,Cholestenol,,,
fecost_c,Fecosterol,,,
ergstt_c,"5,7,24(28)-Ergostatrienol",,,
ergsttt_c,"5,7,22,24(28)-Ergostatetraenol",,,
ergtrol_c,Ergosterol,,,
glx_c,Glyoxylate,,,
urdgly_c,(S)-Ureidoglycine,,,
hydro16_c,16-Hydroxypalmitate,,,
hydro18_c,18-Hydroxyoleate,,,
dhydro1016_c,"10,16-dihydroxypalmitate",,,
dhydro1018_c,"9,10-epoxy-18-hydroxystearate",,,
thydro91018_c,"9,10,18-trihydroxystearate",,,
feralk_c,Feruloylalkate,,,
ttdca_c,tetradecanoate (n-C14:0),,,
tdcoa_c,Tetradecanoyl-CoA (n-C14:0CoA),,,
ocdca_c,octadecanoate (n-C18:0),,,
stcoa_c,Stearoyl-CoA (n-C18:0CoA),,,
ACP_c,acyl carrier protein,,,
malACP_c,Malonyl-[acyl-carrier protein],,,
glyc3p_c,Glycerol 3-phosphate,,,
triglyc_os_c,Triacylglycerol (oryza sativa specific),,,
mgr_os_c,Monoacylglycerol (oryza sativa specific),,,
jas_c,Jasmonate,,,
metjas_c,Methyl jasmonate,,,
jasval_c,jasmonoyl-valine,,,
jasile_c,jasmonoyl-isoleucine,,,
jasleu_c,jasmonoyl-leucine,,,
gluside_c,Glucosylceramide,,,
galgluside_c,"beta-D-Galactosyl-1,4-beta-D-glucosylceramide",,,
malACPme_c,malonyl-ACP methyl ester,,,
akgACPme_c,3-Ketoglutaryl-[acp] methyl ester,,,
hakgACPme_c,3-Hydroxyglutaryl-[acp] methyl ester,,,
egluACPme_c,Enoylglutaryl-[acp] methyl ester,,,
gluACPme_c,Glutaryl-[acp] methyl ester,,,
kpimACPme_c,3-Ketopimeloyl-[acp] methyl ester,,,
hpimACPme_c,3-Hydroxypimeloyl-[acp] methyl ester,,,
epimACPme_c,Enoylpimeloyl-[acp] methyl ester,,,
pimACPme_c,Pimelyl-[acyl-carrier protein] methyl ester,,,
pimACP_c,Pimeloyl-[acyl-carrier protein],,,
meoh_c,Methanol,,,
8aonn_c,8-Amino-7-oxononanoate,,,
amob_c,S-Adenosyl-4-methylthio-2-oxobutanoate,,,
dann_c,"7,8-Diaminononanoate",,,
dtbt_c,Dethiobiotin,,,
btn_c,Biotin,,,
dad_DASH_5_c,5'-Deoxyadenosine,,,
cys_DASH_prot_c,Protein-cysteine,,,
frprot_c,S-Farnesyl protein,,,
frcysprot_c,Protein C-terminal S-farnesyl-L-cysteine,,,
frcysmpest_c,Farnesylcysteine,,,
frnsl_c,Farnesal,,,
frnsol_c,"(2Z,6E)-Farnesol",,,
frp_c,Farnesyl phosphate,,,
dedoldp_c,Dehydrodolichol diphosphate,,,
doldp_c,Dolichyl diphosphate,,,
dolp_c,Dolichol phosphate,,,
dolichol_c,Dolichol,,,
G00001_c,N-Acetyl-D-glucosaminyldiphosphodolichol,,,
G00002_c,"N,N'-Chitobiosyldiphosphodolichol",,,
G00003_c,(GlcNAc)2 (Man)1 (PP-Dol)1,,,
dolmanp_c,Dolichyl phosphate D-mannose,,,
G00004_c,(GlcNAc)2 (Man)2 (PP-Dol)1,,,
G00005_c,(GlcNAc)2 (Man)3 (PP-Dol)1,,,
G10526_c,(GlcNAc)2 (Man)4 (PP-Dol)1,,,
G00006_c,(GlcNAc)2 (Man)5 (PP-Dol)1,,,
G10595_c,(GlcNAc)2 (Man)6 (PP-Dol)1,,,
G10596_c,(GlcNAc)2 (Man)7 (PP-Dol)1,,,
G10597_c,(GlcNAc)2 (Man)8 (PP-Dol)1,,,
G00007_c,(GlcNAc)2 (Man)9 (PP-Dol)1,,,
dolpglc_c,Dolichyl beta-D-glucosyl phosphate,,,
G10598_c,(Glc)1 (GlcNAc)2 (Man)9 (PP-Dol)1,,,
G10599_c,(Glc)2 (GlcNAc)2 (Man)9 (PP-Dol)1,,,
G00008_c,(Glc)3 (GlcNAc)2 (Man)9 (PP-Dol)1,,,
Asn_DASH_X_DASH_Ser_DASH_FSLASH_DASH_Thr_c,protein-linked asparagine residue (N-glycosylation site),,,
G00009_c,(Glc)3 (GlcNAc)2 (Man)9 (Asn)1,,,
G00171_c,(Glc)2 (GlcNAc)2 (Man)9 (Asn)1,,,
G00010_c,(Glc)1 (GlcNAc)2 (Man)9 (Asn)1,,,
G00011_c,(GlcNAc)2 (Man)9 (Asn)1,,,
G00012_c,(GlcNAc)2 (Man)5 (Asn)1,,,
G00013_c,(GlcNAc)3 (Man)5 (Asn)1,,,
G00014_c,(GlcNAc)3 (Man)3 (Asn)1,,,
G00015_c,(GlcNAc)4 (Man)3 (Asn)1,,,
G00019_c,(GlcNAc)5 (Man)3 (Asn)1,,,
G00179_c,(GlcNAc)4 (Man)3 (Xyl)1 (Asn)1,,,
G13056_c,(GlcNAc)4 (LFuc)1 (Man)3 (Xyl)1 (Asn)1,,,
G00143_c,(GlcNAc)1 (Ino-P)1,,,
G00144_c,(GlcN)1 (Ino-P)1,,,
G00145_c,(GlcN)1 (Ino(acyl)-P)1,,,
G00146_c,(GlcN)1 (Ino(acyl)-P)1 (Man)1,,,
pe_os_c,Phosphatidylethanolamine (oryza sativa specific),,,
G00147_c,(GlcN)1 (Ino(acyl)-P)1 (Man)1 (EtN)1 (P)1,,,
G00148_c,(GlcN)1 (Ino(acyl)-P)1 (Man)2 (EtN)1 (P)1,,,
G00149_c,(GlcN)1 (Ino(acyl)-P)1 (Man)3 (EtN)1 (P)1,,,
G13044_c,(GlcN)1 (Ino(acyl)-P)1 (Man)3 (EtN)2 (P)2,,,
G13045_c,(GlcN)1 (Ino(acyl)-P)1 (Man)3 (EtN)2 (P)2 (protein)1,,,
thcrm_c,Trihexosylceramide,,,
udpacgal_c,UDP-N-acetyl-D-galactosamine,,,
gbside_c,Globoside,,,
gm3_c,(N-acetylneuraminyl)-D-galactosyl-D-glucosylceramide,,,
gm2_c,N-Acetyl-D-galactosaminyl-(N-acetylneuraminyl)-D-galactosyl-D-glucosylceramide,,,
gm1_c,D-Galactosyl-N-acetyl-D-galactosaminyl-(N-acetylneuraminyl)-D-galactosyl-D-glucosylceramide,,,
acgal_c,N-Acetyl-D-galactosamine,,,
trnaala_c,tRNA(Ala),,,
alatrna_c,L-Alanyl-tRNA(Ala),,,
trnaarg_c,tRNA(Arg),,,
argtrna_c,L-Arginyl-tRNA(Arg),,,
trnacys_c,tRNA(Cys),,,
cystrna_c,L-Cysteinyl-tRNA(Cys),,,
trnagln_c,tRNA(Gln),,,
glntrna_c,L-Glutaminyl-tRNA(Gln),,,
trnaglu_c,tRNA(Glu),,,
glutrna_c,L-Glutamyl-tRNA(Glu),,,
trnaleu_c,tRNA(Leu),,,
leutrna_c,L-Leucyl-tRNA(Leu),,,
trnagly_c,tRNA(Gly),,,
glytrna_c,Glycyl-tRNA(Gly),,,
trnaser_c,tRNA(Ser),,,
sertrna_c,L-Seryl-tRNA(Ser),,,
trnathr_c,tRNA(Thr),,,
thrtrna_c,L-Threonyl-tRNA(Thr),,,
trnalys_c,tRNA(Lys),,,
lystrna_c,L-Lysine-tRNA (Lys),,,
trnamet_c,tRNA(Met),,,
mettrna_c,L-Methionyl-tRNA (Met),,,
trnaphe_c,tRNA(Phe),,,
phetrna_c,L-Phenylalanyl-tRNA(Phe),,,
trnaasn_c,tRNA(Asn),,,
asntrna_c,L-Asparaginyl-tRNA(Asn),,,
trnaile_c,tRNA(Ile),,,
iletrna_c,L-Isoleucyl-tRNA(Ile),,,
trnaasp_c,tRNA(Asp),,,
asptrna_c,L-Aspartyl-tRNA(Asp),,,
trnatyr_c,tRNA(Tyr),,,
tyrtrna_c,L-Tyrosyl-tRNA(Tyr),,,
trnatrp_c,tRNA(Trp),,,
trptrna_c,L-Tryptophanyl-tRNA(Trp),,,
trnapro_c,tRNA(Pro),,,
protrna_c,L-Prolyl-tRNA(Pro),,,
trnahis_c,tRNA(His),,,
histrna_c,L-Histidyl-tRNA(His),,,
ala_DASH_B_DASH_bet_c,N-methyl-beta-alanine,,,
dtdpglu_c,dTDPglucose,,,
dtdp4d6dg_c,dTDP-4-dehydro-6-deoxy-D-glucose,,,
dtdp4d6dm_c,dTDP-4-dehydro-6-deoxy-L-mannose,,,
dtdprmn_c,dTDP-L-rhamnose,,,
ara5p_c,D-Arabinose 5-phosphate,,,
kdo8p_c,3-Deoxy-D-manno-octulosonate 8-phosphate,,,
kdo_c,3-Deoxy-D-manno-2-octulosonate,,,
ckdo_c,CMP-3-deoxy-D-manno-octulosonate,,,
uaccg_c,UDP-N-acetyl-3-O-(1-carboxyvinyl)-D-glucosamine,,,
uamr_c,UDP-N-acetylmuramate,,,
uama_c,UDP-N-acetylmuramoyl-L-alanine,,,
glu_DASH_D_c,D-Glutamate,,,
uamag_c,UDP-N-acetylmuramoyl-L-alanyl-D-glutamate,,,
26dap_DASH_M_c,"meso-2,6-Diaminoheptanedioate",,,
ugmd_c,"UDP-N-acetylmuramoyl-L-alanyl-D-gamma-glutamyl-meso-2,6-diaminopimelate",,,
ala_DASH_D_c,D-Alanine,,,
alaala_c,D-Alanyl-D-alanine,,,
ugmda_c,"UDP-N-acetylmuramoyl-L-alanyl-D-glutamyl-meso-2,6-diaminopimeloyl-D-alanyl-D-alanine",,,
udcpp_c,Undecaprenyl phosphate,,,
uagmda_c,"Undecaprenyl-diphospho-N-acetylmuramoyl-L-alanyl-D-glutamyl-meso-2,6-diaminopimeloyl-D-alanyl-D-alanine",,,
uaagmda_c,"Undecaprenyl-diphospho-N-acetylmuramoyl-(N-acetylglucosamine)-L-ala-D-glu-meso-2,6-diaminopimeloyl-D-ala-D-ala",,,
sclgn_c,Secologanin,,,
stcsd_c,Strictosidine,,,
pstrp_c,Pseudotropine,,,
trpn_c,Tropinone,,,
caff_c,Caffeate,,,
hfer_c,5-Hydroxyferulic acid methyl ester,,,
sin_c,Sinapate,,,
lcdpn_c,Leucodelphinidin,,,
dlpdn_c,Delphinidin,,,
dldpng_c,Delphinidin 3-O-glucoside,,,
dldpndg_c,"Delphinidin 3,5-diglucoside",,,
dldpngcaff_c,Delphinidin 3-glucoside 5-caffoyl-glucoside,,,
dlgcgg_c,"Delphinidin 3,3'-diglucoside 5-(6-caffeoyl)glucoside",,,
dldpntg_c,"Delphinidin 3,5,3'-triglucoside",,,
gentdp_c,Gentiodelphin,,,
iorntn2gcoum_c,Isoorientin-2-(6-coumaroyl)-O-glucoside,,,
iscprn2gcoum_c,Isoscoparin-2-O-(6-coumaroyl)-glucoside,,,
iscprn2gfer_c,Isoscoparin-2-O-(6-feruloyl)-glucoside,,,
ivtxn2gfer_c,Isovitexin-2-O-(6-feruloyl)-glucoside,,,
plivlpn_c,Phlorisovalerophenone,,,
pplivlpn_c,4-prenylphlorisovalerophenone,,,
dpplivlpn_c,Deoxyhumulone,,,
humu_c,Humulone,,,
plibtn_c,Phlorisobutyrophenone,,,
pplibtn_c,4-prenylphlorisobutyrophenone,,,
dpplibtn_c,Deoxycohumulone,,,
chumu_c,Cohumulone,,,
mthgxl_c,Methylglyoxal,,,
lgt_DASH_S_c,(R)-S-Lactoylglutathione,,,
lac_DASH_D_c,D-Lactate,,,
selcys_c,Selenocysteine,,,
selcyst_c,Selenocystathionine,,,
seln_c,Selenide,,,
phom_c,O-Phospho-L-homoserine,,,
seahcys_c,Se-Adenosylselenohomocysteine,,,
selhcys_c,Selenohomocysteine,,,
selt_c,Selenite,,,
suchms_c,O-Succinyl-L-homoserine,,,
trnasecys_c,tRNA(SeCys),,,
sertrna_LPAREN_sec_RPAREN__c,L-Seryl-tRNA(Sec),,,
selmet_c,L-Selenomethionine,,,
trnasemet_c,tRNA(Met),,,
sertrna_LPAREN_met_RPAREN__c,Selenomethionyl-tRNA(Met),,,
semetselmet_c,Se-Methylselenomethionine,,,
metsel_c,Methaneselenol,,,
selnp_c,selenophosphate,,,
mcfer_c,24-methylenecycloartanyl ferulate,,,
cyartfer_c,Cycloartenyl ferulate,,,
campstfer_c,campesteryl ferulate,,,
sitstfer_c,sitosteryl ferulate,,,
1_DASH_kesttr_c,1-kestotriose,,,
16_DASH_kesttt_c,"1,6-kestotetraose",,,
11_DASH_kesttt_c,"1,1-kestotetraose",,,
6_DASH_kesttr_c,6-kestotriose,,,
gppppg_c,bis(5'-guanosyl) tetraphosphate,,,
rhcys_DASH_L_c,S-ribosyl-L-homocysteine,,,
camp_c,cyclic-AMP,,,
thbpt_c,Tetrahydrobiopterin,,,
dopa_DASH_L_c,"3,4-Dihydroxy-L-phenylalanine",,,
4hthbpt_c,4a-Hydroxytetrahydrobiopterin,,,
dhbpt_c,Dihydrobiopterin,,,
2dr5p_c,2-Deoxy-D-ribose 5-phosphate,,,
udpgalfur_c,"UDP-D-galacto-1,4-furanose",,,
sakur_c,Sakuranetin,,,
ltlng_c,luteolin 7-O-glucoside,,,
ltlnnp_c,Luteolin 7-O-neohesperidoside,,,
apgng_c,Apigenin 7-O-beta-D-glucoside,,,
apgnnp_c,Apigenin 7-O-neohesperidoside,,,
crpe_c,beta-Caryophyllene,,,
huml_c,alpha-Humulene,,,
elm_c,beta-elemene,,,
ga98_c,Gibberallin A 98,,,
gcoa_c,Glutaryl-CoA,,,
4abz_c,4-Aminobenzoate,,,
na1_c,Sodium,,,
pheme_c,Protoheme,,,
btcoa_c,Butanoyl-CoA,,,
chor_c,chorismate,,,
cdpdag_os_c,CDP-diacylglycerol (oryza sativa specific),,,
ps_os_c,Phosphatidylserine (oryza sativa specific),,,
pgp_os_c,Phosphatidylglycerophosphate (oryza sativa specific),,,
pc_os_c,Phosphatidylcholine (oryza sativa specific),,,
succoa_c,Succinyl-CoA,,,
glyc_DASH_R_c,(R)-Glycerate,,,
t_DASH_ztnr_c,trans-Zeatin riboside,,,
12oxophyt_c,"(15Z)-12-Oxophyto-10,15-dienoate",,,
b2coa_c,Crotonoyl-CoA,,,
